male_time_decay,female_time_decay,male_traditional,female_traditional
0.6716705157813703,0.6469282013323464,0.6716705157813703,0.6469282013323464
0.6777291745910993,0.6612525378728721,0.6797171002778479,0.665083135391924
0.70474842082335,0.6645081420817065,0.712776176753122,0.6653386454183267
0.7001667443172065,0.6723055050659564,0.6942668013014698,0.6825132978723404
0.6966264182998605,0.681062745338031,0.6931577935806266,0.6893362350380848
0.7038238631345078,0.686594159326942,0.7129801160923799,0.6933607118412046
0.7073004145939821,0.6761461490659598,0.7108314011262007,0.6644917582417582
0.7076650657352156,0.6758585646869025,0.7081422018348624,0.6755700325732898
