age_7_25_time_decay,age_7_25_traditional,age_26_31_time_decay,age_26_31_traditional,age_32_40_time_decay,age_32_40_traditional,age_41_73_time_decay,age_41_73_traditional
0.6077210460772104,0.6077210460772104,0.6511627906976745,0.6511627906976745,0.620253164556962,0.620253164556962,0.6775147928994083,0.6775147928994083
0.593360018836826,0.5900116144018583,0.6560888536295121,0.6588380716934487,0.649741562785041,0.6603305785123967,0.6789600967351874,0.6793313069908815
0.657056257854661,0.6862068965517242,0.6885399578157957,0.6964980544747081,0.7144289294665235,0.7343574372424129,0.7416756176154672,0.7507908611599297
0.6507144952436826,0.6424148606811145,0.6548131289783435,0.6266318537859008,0.6958779768867263,0.6609071274298056,0.7018997770669768,0.6336842105263157
0.610212724210664,0.5842985842985843,0.6676491790148178,0.6781716417910447,0.6845439078654626,0.6701520912547528,0.6776777503509027,0.6535189481825213
0.5459750448608272,0.4789961811238407,0.6043632490227407,0.49784296807592754,0.6245869568791201,0.5233380480905233,0.5785282811641955,0.49613899613899615
0.4828547479343791,0.39784172661870504,0.5537780325809186,0.4756703078450844,0.5696216927563545,0.5159301130524152,0.512462524791292,0.46463104325699744
0.46785133734693385,0.42857142857142855,0.5115667155971627,0.46371681415929206,0.5348564513279991,0.5049239033124441,0.4797478767935348,0.4436482084690554
