male_time_decay,male_traditional,female_time_decay,female_traditional
0.6318385650224215,0.6318385650224215,0.636896046852123,0.636896046852123
0.6273878276321635,0.6259226454089164,0.6594015515330625,0.6669960474308301
0.6872115856651939,0.7041845223090497,0.7427504568205291,0.765587044534413
0.6669925640319472,0.6411543287327478,0.6953815918768425,0.6275045537340619
0.6587511514672983,0.6512096774193549,0.6475583864118896,0.6134543513080619
0.5943913724904843,0.5100689655172413,0.5525112389423309,0.45884520884520885
0.5305148370543,0.4644092931290163,0.5028801006825112,0.44065166795965865
0.5065541754722038,0.47363150867823767,0.47088453463578706,0.43789921930447123
