male_time_decay,female_time_decay
0.80920613742495,0.7849182018737644
0.819264781084275,0.818231925487888
0.8198422086103822,0.8189599155363206
0.8011357521552943,0.7875528607865082
