avg_insertion_base,avg_insertion_opt,avg_newwindow_base,avg_newwindow_opt
"[3.7025309281833183e-06, 1.8554483337587553e-05, 1.9344068083591665e-05, 2.045929477131976e-05, 2.1272279336842796e-05, 2.2138817830144356e-05, 2.2881762823337236e-05, 2.378202284111309e-05, 2.4598272413607707e-05]","[3.7212296585594643e-06, 1.8541894286776e-05, 1.93353423470341e-05, 2.031999914151659e-05, 2.1120852610895257e-05, 2.2076139535442357e-05, 2.2838434379391273e-05, 2.3688874283033696e-05, 2.4428978944436098e-05]","[9.5367431640625e-09, 8.334284243376359e-08, 8.14769579016644e-08, 9.951384171195652e-08, 9.806259818699051e-08, 1.1091646940811821e-07, 1.1838000753651495e-07, 1.2211177660071331e-07, 1.2335569962211277e-07]","[1.1402627696161685e-08, 4.913495934527852e-08, 5.390333092730979e-08, 6.136686905570652e-08, 6.675720214843749e-08, 6.737916365913724e-08, 8.06476758873981e-08, 7.733054783033288e-08, 7.567198380180028e-08]"
-0.005050256362158364,0.0006784910462071001,0.00045108074061038804,0.006808427727354506,0.006118500257998834,0.002831149123809826,0.0018935798032908597,0.003916763460438796,0.006882331666428619
-0.1956521739130435,0.41044776119403,0.3384223918575063,0.3833333333333333,0.3192389006342497,0.3925233644859813,0.318739054290718,0.366723259762309,0.3865546218487394
