avg_insertion_base,avg_insertion_opt,avg_newwindow_base,avg_newwindow_opt
"[1.618793639766304e-05, 1.7579189654167824e-05, 1.9575791698253818e-05, 2.1561963517321134e-05, 2.261378482592303e-05, 2.434406199489264e-05, 2.5888104989340193e-05, 2.7558523938319802e-05, 2.902313748109216e-05, 3.0294193192002914e-05, 3.1347805805116585e-05, 3.279747830557183e-05, 3.43773010883612e-05]","[1.615935944765693e-05, 1.7594629165309097e-05, 1.9568772620558646e-05, 2.1522046944165767e-05, 2.2476576398670936e-05, 2.4140803192837827e-05, 2.5676898901315327e-05, 2.7993426773657007e-05, 2.8726023293612233e-05, 3.02082952210871e-05, 3.120839731444757e-05, 3.262339186693717e-05, 3.4324715159547446e-05]","[5.473261294157609e-08, 7.670858631963316e-08, 7.89891118588655e-08, 1.2211177660071331e-07, 1.0594077732252039e-07, 1.1941661005434784e-07, 1.1444091796875002e-07, 1.2169713559358014e-07, 1.2439230213994565e-07, 1.4864880105723506e-07, 1.272947891898777e-07, 1.316485197647758e-07, 1.658564028532609e-07]","[4.706175430961277e-08, 5.7013138480808426e-08, 6.530595862347147e-08, 1.065627388332201e-07, 6.820844567340353e-08, 9.661135466202445e-08, 1.0200168775475544e-07, 1.092579053795856e-07, 1.3227048127547555e-07, 1.2563622516134514e-07, 1.0407489279042121e-07, 1.0946522588315218e-07, 1.4056330141813857e-07]"
0.0017653238377087974,-0.0008782834388280493,0.00035855907149837774,0.0018512494524583253,0.006067468506855441,0.008349420162397599,0.008158422105898927,-0.015781064193081746,0.010237149159820835,0.0028354599302710987,0.004447153065056429,0.005307921450933185,0.0015296700773161425
0.1401515151515152,0.2567567567567568,0.17322834645669288,0.12733446519524622,0.3561643835616439,0.19097222222222232,0.10869565217391321,0.10221465076660974,-0.06333333333333344,0.15481171548117142,0.1824104234527686,0.16850393700787383,0.1525000000000002
