avg_insertion_base,avg_insertion_opt,avg_newwindow_base,avg_newwindow_opt
"[3.32983251660497e-05, 5.2547816567528753e-05, 6.843712166722674e-05, 8.913700541891435e-05, 9.740105421911003e-05, 0.0001067769272413154, 0.00012051862752269384, 0.00013519025793062538, 0.00014964280080006711, 0.0001638786435724119, 0.0001778116647254135, 0.00019310448567976885, 0.0002077784456517262]",
"[3.3019074104458406e-05, 5.244243635137967e-05, 6.821735406967347e-05, 8.924852063597614e-05, 9.748534536962173e-05, 0.00010743000098234096, 0.00012164155696451602, 0.0001362940806066333, 0.0001503489770254078, 0.00016465516973746382, 0.00017836152865155624, 0.00019269031524079427, 0.00020738591411337653]",
"[2.384185791015625e-06, 2.1022299061650815e-06, 2.3634537406589673e-06, 2.18101169752038e-06, 2.2701595140540083e-06, 2.2825987442680026e-06, 2.1623528521993885e-06, 2.3054039996603263e-06, 2.377966175908628e-06, 2.5500421938688858e-06, 2.4982120679772417e-06, 3.031025762143342e-06, 2.904560254967731e-06]",
"[1.5051468558933424e-06, 1.4035598091457202e-06, 1.5486841616423234e-06, 1.6792960788892664e-06, 1.6627104386039401e-06, 1.6274659529976223e-06, 1.6502712083899457e-06, 1.6274659529976223e-06, 1.7808831256368884e-06, 1.6606372335682745e-06, 1.5445377515709917e-06, 1.9114950428838313e-06, 1.861738122027853e-06]"
0.008386339559084187,0.002005415696267081,0.00321123378949055,-0.0012510541108903647,-0.0008654028561341389,-0.006116244004190396,-0.009317476185253847,-0.008164957245472308,-0.004719079177649125,-0.00473842196960098,-0.003092395130498796,0.0021447996793891714,0.0018891831494765828
0.36869565217391304,0.3323471400394477,0.3447368421052631,0.23003802281368807,0.26757990867579917,0.2870118074477747,0.23681687440076699,0.2940647482014389,0.25108979947689647,0.348780487804878,0.38174273858921165,0.3693570451436389,0.35902926481084946
