avg_insertion_base,avg_insertion_opt,avg_newwindow_base,avg_newwindow_opt
"[3.368846112085777e-05, 4.915974803825344e-05]","[3.3651940431810564e-05, 4.9301517935886075e-05]","[2.9461724417550224e-07, 4.3664659772600446e-07]","[3.1539372035435265e-07, 3.327642168317522e-07]"
0.0010840711576640338,-0.002883861355886508
-0.07052023121387269,0.23790951638065524
