avg_insertion_base,avg_insertion_opt,avg_newwindow_base,avg_newwindow_opt
"[1.5970485815112143e-05, 1.6800001079390577e-05]","[1.595785114683894e-05, 1.680981077800645e-05]","[1.1508805411202568e-07, 5.517687116350447e-08]","[9.131431579589844e-08, 4.7751835414341525e-08]"
0.0007911261072125771,-0.0005839105943813321
0.20656999112163368,0.13456790123456785
