male_time_decay,male_traditional,female_time_decay,female_traditional
0.2741065407956844,0.2741065407956844,0.2694610778443114,0.2694610778443114
0.2390256069171932,0.22754358861178547,0.23863636363636365,0.23183619550858653
0.18283085356303838,0.16552289255351837,0.1481285684076972,0.12614980289093297
0.19503005392026873,0.21083603896103897,0.19002222482161657,0.2418848167539267
0.2185262328304436,0.24293059125964012,0.21753061353975,0.25013865779256794
0.26489349761803804,0.3224508050089445,0.2771225060314786,0.3678516228748068
0.31673806762200524,0.3685891039712632,0.3401720397073789,0.403573629081947
0.3371335872821682,0.3628140703517588,0.3672279608107723,0.3937387116195063
