age_7_25_time_decay,age_7_25_traditional,age_26_31_time_decay,age_26_31_traditional,age_32_40_time_decay,age_32_40_traditional,age_41_73_time_decay,age_41_73_traditional
0.27113702623906705,0.27113702623906705,0.2850924918389554,0.2850924918389554,0.2752752752752753,0.2752752752752753,0.2441860465116279,0.2441860465116279
0.25674740484429065,0.25226860254083483,0.2201628755967425,0.1975775927327782,0.2386820251808197,0.22531089978054133,0.22566037735849057,0.22289679098005205
0.20004641448131816,0.17143854748603352,0.1870824053452116,0.17805700275819797,0.1646691280886112,0.1447520184544406,0.14486031711789452,0.13138686131386862
0.21330360460795245,0.22848034006376194,0.21682483512948367,0.25096738529574353,0.18293719502597197,0.20564971751412428,0.15934772312064416,0.18373275236020334
0.23829621453152391,0.26582969432314413,0.22827338024680566,0.2377503195568811,0.20732922538791612,0.25183823529411764,0.1947443134924565,0.22846828261990718
0.3002342070647117,0.3607305936073059,0.26697785733358387,0.34876847290640395,0.2430998012947888,0.30410654827968925,0.2512302211912849,0.3081426290580096
0.366764261247297,0.4650986342943854,0.3199955148151263,0.38939519469759737,0.267160523690019,0.2886446886446886,0.3237177972908216,0.37354227405247814
0.37697804673920043,0.3979848866498741,0.3573764280478061,0.39325068870523416,0.31408940967528015,0.3558155540261528,0.3390664743385049,0.3573635427394439
