male_time_decay,female_time_decay,male_traditional,female_traditional
0.32505773672055427,0.31162102146558107,0.32505773672055427,0.31162102146558107
0.34980030429821224,0.3343745119475246,0.3579186663298813,0.3404592240696754
0.35758004791984316,0.3461575088086849,0.3598915070350907,0.3491633466135458
0.355024398617003,0.3477063724872676,0.3517334230898687,0.3497340425531915
0.34505491171652203,0.3318762403504017,0.33528733423025175,0.31692056583242656
0.34625563082191313,0.3416134727039209,0.34778312955415586,0.3535249828884326
0.33885868541868513,0.3304485675514578,0.3313459202826543,0.3179945054945055
0.3341468975889002,0.3180135032996068,0.32798165137614677,0.3055374592833876
