male_time_decay,female_time_decay,male_traditional,female_traditional
0.7424942263279446,0.7549962990377498,0.7424942263279446,0.7549962990377498
0.7389691898060099,0.7006090894893019,0.7378125789340743,0.6860649247822644
0.7406011762143324,0.6963781227184712,0.7410860597841442,0.6952988047808765
0.7373163973418995,0.6948368636060972,0.7330865028609895,0.6928191489361702
0.7478247679145683,0.6476661741692384,0.7581203152027677,0.60310119695321
0.7435232808582629,0.7026990624714388,0.738051130048166,0.7700205338809035
0.7413820255877409,0.7102864897084374,0.7392072430164514,0.71875
0.7250579731237569,0.6989729616432614,0.7036983944954128,0.6876221498371335
